,PC1,PC2,feature
0,0.43666384729537766,-0.02528090036052025,year
1,0.34304593811961004,-0.04360327643437278,condition
2,-0.40999545046495645,-0.019586805489646572,odometer
3,0.4068913450575127,0.07161337429432788,mmr
4,0.40876001681886726,0.06342760527988311,sellingprice
5,-0.02656262632891289,0.9936407385844883,income
6,-0.43611581976914326,0.02454655877660389,using_time
